id	word	stem	lang	category	timestamp	profileid
en:getups	getups	get-up	en	0	1517496415134	
en:gingerly	gingerly	gingerly	en	0	1517497531482	
en:tuft	tuft	tuft	en	0	1517497448482	
en:ruffled	ruffled	ruffle	en	0	1517497026193	
en:malevolence	malevolence	malevolence	en	0	1517636834188	
en:upholstered	upholstered	upholster	en	0	1517637021325	
en:atelier	atelier	atelier	en	0	1517637046953	
en:diaspora	diaspora	diaspora	en	0	1517824654784	
en:voracious	voracious	voracious	en	0	1517911980923	
en:incumbents	incumbents	incumbent	en	0	1517912034412	
en:tenterhooks	tenterhooks	tenterhook	en	0	1517925953267	
en:impugned	impugned	impugn	en	0	1517925665487	
en:alluded	alluded	allude	en	0	1517928166686	
en:prognoses	prognoses	prognosis	en	0	1517928321773	
en:tacitly	tacitly	tacitly	en	0	1518098702499	
en:teeter	teeter	teeter	en	0	1518101240456	
en:kismet	kismet	kismet	en	0	1518101099509	
en:larking	larking	lark	en	0	1518101438596	
en:abated	abated	abate	en	0	1518101086127	
en:scampering	scampering	scamper	en	0	1518101601846	
en:acquiescing	acquiescing	acquiesce	en	0	1518101129860	
en:mien	mien	mien	en	0	1518167283047	
en:smut	smut	smut	en	0	1518162888573	
en:baulked	baulked	baulk	en	0	1518283085994	
en:nattering	nattering	natter	en	0	1518280926316	
en:flay	flay	flay	en	0	1518281647147	
en:portly	portly	portly	en	0	1518281758407	
en:grimaced	grimaced	grimace	en	0	1518283071174	
en:dawdled	dawdled	dawdle	en	0	1518281576367	
en:tramped	tramped	tramp	en	0	1518280283089	
en:exhorting	exhorting	exhort	en	0	1518283235060	
en:furtive	furtive	furtive	en	0	1518341735301	
en:tottered	tottered	totter	en	0	1518340346689	
en:musing	musing	musing	en	0	1518355181561	
en:antecedents	antecedents	antecedents	en	0	1518362272652	
en:Parlay	Parlay	parlay	en	0	1518362336302	
en:Rapprochement	Rapprochement	rapprochement	en	0	1518529538492	
en:absconding	absconding	abscond	en	0	1518529709851	
en:glib	glib	glib	en	0	1518779401013	
en:onerous	onerous	onerous	en	0	1518695508099	
en:supplant	supplant	supplant	en	0	1518704843427	
en:skipper	skipper	skipper	en	0	1518693760280	
en:manure	manure	manure	en	0	1518762681333	
en:cavorting	cavorting	cavort	en	0	1518779985343	
en:retching	retching	retch	en	0	1518780342926	
en:lilting	lilting	lilt	en	0	1518779458446	
en:scraggly	scraggly	scraggly	en	0	1518780332224	
en:feverishly	feverishly	feverishly	en	0	1518925230656	
en:blanch	blanch	blanch	en	0	1518928127784	
en:doldrums	doldrums	doldrums	en	0	1518880767095	
en:wad	wad	wad	en	0	1518781075182	
en:chiding	chiding	chiding	en	0	1518853880104	
en:wan	wan	wan	en	0	1518861191336	
en:gawk	gawk	gawk	en	0	1518853325540	
en:chagrin	chagrin	chagrin	en	0	1518846169239	
en:hilt	hilt	hilt	en	0	1518931176107	
en:glowering	glowering	glower	en	0	1518924816777	
en:wallowing	wallowing	wallow	en	0	1518827721546	
en:warbled	warbled	warble	en	0	1518926694413	
en:gaunt	gaunt	gaunt	en	0	1518932148759	
en:willies	willies	willies	en	0	1518783152802	
en:Andes	Andes	Andes	en	0	1518933359722	
en:sallow	sallow	sallow	en	0	1518932131970	
en:somber	somber	somber	en	0	1518848715855	
en:scoured	scoured	scour	en	0	1518925872401	
en:demeanor	demeanor	demeanor	en	0	1518781545930	
en:sheen	sheen	sheen	en	0	1518852653498	
en:jubilation	jubilation	jubilation	en	0	1518926767083	
en:raspy	raspy	raspy	en	0	1518932219851	
en:belligerence	belligerence	belligerence	en	0	1518847124340	
en:sluiced	sluiced	sluice	en	0	1518932965212	
en:abate	abate	abate	en	0	1519083995759	
en:indictments	indictments	indictment	en	0	1519121014979	
en:blather	blather	blather	en	0	1519121040191	
en:opprobrium	opprobrium	opprobrium	en	0	1519084119503	
en:excise	excise	excise	en	0	1519208784179	
en:surrogates	surrogates	surrogate	en	0	1519890450703	
en:gait	gait	gait	en	0	1519890262302	
en:abeyance	abeyance	abeyance	en	0	1520733373157	
en:Inadvertently	Inadvertently	inadvertently	en	0	1520746322788	
en:carcasses	carcasses	carcass	en	0	1520762633632	
en:ante	ante	ante	en	0	1520765307020	
en:ravaged	ravaged	ravaged	en	0	1520781453296	
en:expatriates	expatriates	expatriate	en	0	1521108172565	
en:pips	pips	pip	en	0	1521108282982	
en:derided	derided	deride	en	0	1521106735434	
en:koan	koan	koan	en	0	1521209224234	
en:abject	abject	abject	en	0	1521302718687	
en:orthopaedic	orthopaedic	orthopaedic	en	0	1521539506520	
en:demurred	demurred	demur	en	0	1521534074872	
en:podiatry	podiatry	podiatry	en	0	1521539949538	
en:whingeing	whingeing	whinge	en	0	1521539769440	
en:acquiescence	acquiescence	acquiescence	en	0	1521622630266	
en:supine	supine	supine	en	0	1521622882472	
en:paraphernalia	paraphernalia	paraphernalia	en	0	1521711893941	
en:pious	pious	pious	en	0	1521823708268	
en:KABUL	KABUL	Kabul	en	0	1521823462376	
en:incumbent	incumbent	incumbent	en	0	1522058843087	
en:Chancellor	Chancellor	Chancellor	en	100	1522145377178	
en:pinpricks	pinpricks	pinprick	en	100	1522145083453	
en:pursed	pursed	purse	en	100	1522144594592	
en:egocentric	egocentric	egocentric	en	100	1522144691808	
en:stratified	stratified	stratify	en	100	1522145726774	
en:pilgrim	pilgrim	pilgrim	en	0	1522143694440	
en:weasel	weasel	weasel	en	100	1522231490965	
en:navel-gazing	navel-gazing	navel-gazing	en	100	1522231615081	
en:milling	milling	Mill	en	100	1522231766907	
en:diminutive	diminutive	diminutive	en	100	1522231946402	
en:Kremlin	Kremlin	Kremlin	en	0	1522314635058	
en:colossal	colossal	colossal	en	0	1522314656547	
en:loutish	loutish	loutish	en	0	1522314650160	
en:vociferous	vociferous	vociferous	en	0	1522377826503	
en:penitentiaries	penitentiaries	penitentiary	en	0	1522378878788	
en:garrulous	garrulous	garrulous	en	0	1522809554933	
en:deplorable	deplorable	deplorable	en	0	1522883746587	
en:disavowed	disavowed	disavow	en	0	1522575887441	
en:nefarious	nefarious	nefarious	en	0	1522576791767	
en:blase	blase	blasé	en	0	1522576887673	
en:fringe	fringe	fringe	en	0	1522745448810	
en:shrewd	shrewd	shrewd	en	0	1522809738130	
en:languish	languish	languish	en	0	1522809469299	
en:manifesto	manifesto	manifesto	en	0	1522745642310	
en:Dalits	Dalits	Dalit	en	0	1522828726393	
en:heftier	heftier	hefty	en	0	1522887814469	
en:advocated	advocated	advocate	en	0	1522828613003	
en:depravity	depravity	depravity	en	0	1522883884865	
en:fleeting	fleeting	fleeting	en	0	1522883497578	
en:gazetting	gazetting	gazette	en	0	1522828335564	
en:recused	recused	recuse	en	0	1522828434221	
en:prorogued	prorogued	prorogue	en	0	1522887896960	
en:minutiae	minutiae	minutiae	en	0	1522829067752	
en:acquittal	acquittal	acquittal	en	0	1522981005324	
en:flagrant	flagrant	flagrant	en	0	1522883867900	
en:salacious	salacious	salacious	en	0	1523125850468	
en:conciliatory	conciliatory	conciliatory	en	0	1523125512391	
en:ouster	ouster	ouster	en	0	1523125475250	
en:revellers	revellers	reveller	en	0	1523125570332	
en:anti-apartheid	anti-apartheid	anti-apartheid	en	0	1523721585886	
en:looming	looming	loom	en	0	1523721415868	
en:mollified	mollified	mollify	en	0	1523805559832	
en:largesse	largesse	largesse	en	0	1523807701500	
en:repatriated	repatriated	repatriate	en	0	1523891237563	
en:guile	guile	guile	en	0	1523891573285	
en:soliciting	soliciting	solicit	en	0	1524051589439	
en:pare	pare	pare	en	0	1524051461500	
en:cauterising	cauterising	cauterise	en	0	1524372159482	
en:martyr	martyr	martyr	en	0	1524371943709	
en:enamoured	enamoured	enamoured	en	0	1524372220153	
en:imam	imam	imam	en	0	1524372020525	
en:thrall	thrall	thrall	en	0	1524372235438	
en:Kabul	Kabul	Kabul	en	0	1524529880664	
en:throes	throes	throes	en	0	1524563950799	
en:liaison	liaison	liaison	en	0	1524642247957	
en:elfin	elfin	elfin	en	0	1524649521957	
en:rescinded	rescinded	rescind	en	0	1524649895800	
en:snickered	snickered	snicker	en	100	1524650626758	
en:louvre	louvre	louvre	en	100	1524737817372	
en:plundered	plundered	plunder	en	0	1524698908830	
en:reprisal	reprisal	reprisal	en	0	1524698955416	
en:ubiquity	ubiquity	ubiquity	en	0	1524736944891	
en:carcinogen	carcinogen	carcinogen	en	100	1524738651852	
en:mettle	mettle	mettle	en	0	1524698857225	
en:delegate	delegate	delegate	en	100	1524738668924	
en:gamut	gamut	gamut	en	100	1524737574385	
en:cronyism	cronyism	cronyism	en	0	1524699944911	
en:panoply	panoply	panoply	en	100	1524737855602	
en:corroboration	corroboration	corroboration	en	0	1524784957317	
en:heinous	heinous	heinous	en	0	1524784978826	
en:dossiers	dossiers	dossier	en	0	1524784824876	
en:banter	banter	banter	en	0	1524926106440	
en:compatriots	compatriots	compatriot	en	0	1524926144084	
en:quipped	quipped	quip	en	0	1524927039747	
en:macabre	macabre	macabre	en	0	1525024666793	
en:accentuate	accentuate	accentuate	en	0	1525023997480	
en:apprised	apprised	apprise	en	0	1525024918526	
en:discombobulating	discombobulating	discombobulate	en	0	1525024257447	
en:sternum	sternum	sternum	en	0	1525024783216	
en:embolism	embolism	embolism	en	0	1525024328583	
en:assuage	assuage	assuage	en	0	1525073642996	
en:calamity	calamity	calamity	en	0	1525112228663	
en:culminated	culminated	culminate	en	0	1525073704262	
en:charm offensive	charm offensive	charm offensive	en	0	1525073726098	
en:crustaceans	crustaceans	crustacean	en	100	1525114504775	
en:sodden	sodden	sodden	en	100	1525114643791	
en:traversed	traversed	traverse	en	100	1525114315519	
en:meager	meager	meager	en	100	1525114569757	
en:indoctrinated	indoctrinated	indoctrinate	en	0	1525161427599	
en:subvert	subvert	subvert	en	0	1525161616600	
en:rebuffed	rebuffed	rebuff	en	0	1525162455996	
en:anachronisms	anachronisms	anachronism	en	0	1525162977409	
en:milieu	milieu	milieu	en	0	1525161305311	
en:couldn't	couldn't	couldn't	en	100	1528874352873	
en:convulsing	convulsing	convulse	en	100	1525190609819	
en:chortled	chortled	chortle	en	100	1525190251983	
en:harbinger	harbinger	harbinger	en	100	1525190622537	
en:Danish	Danish	Danish	en	100	1525256605971	
en:clout	clout	clout	en	100	1525255492551	
en:impassive	impassive	impassive	en	0	1525218106116	
en:forays	forays	foray	en	0	1525217329320	
en:threshold	threshold	threshold	en	100	1525256052063	
en:constabularies	constabularies	constabulary	en	100	1525255495255	
en:coroner	coroner	coroner	en	0	1525342261253	
en:rut	rut	rut	en	0	1525359097547	
en:Armenians	Armenians	Armenian	en	0	1525358921233	
en:slums	slums	slum	en	0	1525358608710	
en:subpoena	subpoena	subpoena	en	0	1525358785061	
en:fidelity	fidelity	fidelity	en	0	1525498452601	
en:esoteric	esoteric	esoteric	en	0	1525497918239	
en:protracted	protracted	protracted	en	0	1525498018612	
en:luncheon	luncheon	luncheon	en	0	1525537061007	
en:festering	festering	fester	en	0	1525536980422	
en:piety	piety	piety	en	0	1525604249926	
en:sabre-rattling	sabre-rattling	sabre-rattling	en	0	1525603936053	
en:eschew	eschew	eschew	en	0	1525649724041	
en:Zoroastrian	Zoroastrian	Zoroastrian	en	0	1525651240901	
en:loggerheads	loggerheads	loggerhead	en	0	1525766220234	
en:Lebanese	Lebanese	Lebanese	en	0	1525650328984	
en:droves	droves	drove	en	0	1525766142785	
en:scuppered	scuppered	scupper	en	0	1525776451633	
en:purported	purported	purport	en	0	1525776765549	
en:slandered	slandered	slander	en	0	1525776099311	
en:brisk	brisk	brisk	en	0	1525776705470	
en:fatwa	fatwa	fatwa	en	0	1525776465887	
en:verve	verve	verve	en	0	1525775827654	
en:altruism	altruism	altruism	en	0	1525878817698	
en:hardliners	hardliners	hardliner	en	0	1525876407686	
en:politburo	politburo	politburo	en	0	1525876600452	
en:referendum	referendum	referendum	en	0	1525877106103	
en:pipped	pipped	pip	en	0	1525878368768	
en:parole	parole	parole	en	0	1525878650886	
en:glitzy	glitzy	glitzy	en	0	1525876774635	
en:erstwhile	erstwhile	erstwhile	en	0	1525876971946	
en:Baghdad	Baghdad	Baghdad	en	0	1525876506313	
en:seethes	seethes	seethe	en	0	1525876678204	
en:peddler	peddler	peddler	en	0	1525877540046	
en:moderates	moderates	moderate	en	0	1525876474931	
en:biennial	biennial	biennial	en	0	1526031415530	
en:lacerations	lacerations	laceration	en	0	1526021910076	
en:sombre	sombre	sombre	en	0	1526023188468	
en:snub	snub	snub	en	0	1525946659044	
en:barbiturate	barbiturate	barbiturate	en	0	1526031219028	
en:ousted	ousted	oust	en	0	1525918598766	
en:acumen	acumen	acumen	en	0	1526030978824	
en:graft	graft	graft	en	0	1526031085672	
en:oligarch	oligarch	oligarch	en	0	1525947167356	
en:bonnet	bonnet	bonnet	en	100	1526032205858	
en:alias	alias	alias	en	0	1525946069558	
en:clerical	clerical	clerical	en	0	1525947019492	
en:whiskery	whiskery	whiskery	en	100	1526032186715	
en:dovetails	dovetails	dovetail	en	0	1525946364384	
en:funereal	funereal	funereal	en	0	1526116857573	
en:pomp	pomp	pomp	en	0	1526116894827	
en:sans	sans	sans	en	0	1526116888280	
en:ode	ode	ode	en	0	1526116450197	
en:kleptocrat	kleptocrat	kleptocrat	en	0	1526116237849	
en:tunic	tunic	tunic	en	0	1526367503445	
en:extradition	extradition	extradition	en	0	1526255035423	
en:acrimonious	acrimonious	acrimonious	en	0	1526465781578	
en:conjugal	conjugal	conjugal	en	0	1526469393825	
en:estranged	estranged	estranged	en	0	1526469404627	
en:leptospirosis	leptospirosis	leptospirosis	en	0	1526514177950	
en:caveats	caveats	caveat	en	0	1528026565328	
en:precariously	precariously	precariously	en	0	1528039461596	
en:reneged	reneged	renege	en	0	1528026612144	
en:berates	berates	berate	en	0	1528026897179	
en:backhanded	backhanded	backhanded	en	0	1528154771740	
en:whim	whim	whim	en	0	1528154311619	
en:misogynist	misogynist	misogynist	en	0	1528154301573	
en:surmise	surmise	surmise	en	0	1528154522439	
en:bales	bales	bale	en	0	1528241971812	
en:Asbestos	Asbestos	asbestos	en	0	1528269967648	
en:oncology	oncology	oncology	en	0	1528241592683	
en:pollster	pollster	pollster	en	100	1528155965713	
en:thwart	thwart	thwart	en	0	1528241454538	
en:espionage	espionage	espionage	en	100	1528359951859	
en:motorcade	motorcade	motorcade	en	0	1528327746796	
en:cranny	cranny	cranny	en	100	1528360021215	
en:lucrative	lucrative	lucrative	en	0	1528326689977	
en:rappel	rappel	rappel	en	100	1528360343289	
en:mellow	mellow	mellow	en	100	1528360080416	
en:stoutly	stoutly	stoutly	en	0	1528327090576	
en:wilted	wilted	wilt	en	100	1528360194769	
en:coveted	coveted	covet	en	0	1528414432239	
en:curate	curate	curate	en	0	1528414472975	
en:expediency	expediency	expediency	en	0	1528413656389	
en:Meritocracy	Meritocracy	meritocracy	en	0	1528415303859	
en:freon	freon	freon	en	0	1528415332397	
en:clandestine	clandestine	clandestine	en	0	1528414787350	
en:insurgency	insurgency	insurgency	en	0	1528414870555	
en:bourse	bourse	bourse	en	0	1528413717129	
en:flour	flour	flour	en	0	1528415252851	
en:malady	malady	malady	en	0	1528414651175	
en:unilateral	unilateral	unilateral	en	0	1528414826149	
en:recalcitrant	recalcitrant	recalcitrant	en	0	1528415111148	
en:Canberra	Canberra	Canberra	en	0	1528638461628	
en:disgorge	disgorge	disgorge	en	0	1528637978583	
en:accredited	accredited	accredit	en	0	1528637415163	
en:hegemony	hegemony	hegemony	en	0	1528637865368	
en:confers	confers	confer	en	0	1528638048461	
en:mosaic	mosaic	mosaic	en	0	1528638275131	
en:indignant	indignant	indignant	en	0	1528637772860	
en:lamented	lamented	lamented	en	0	1528638792775	
en:wayward	wayward	wayward	en	0	1528638205233	
en:whipsawing	whipsawing	whipsaw	en	0	1528638142080	
en:palpable	palpable	palpable	en	0	1528637684909	
en:annexation	annexation	annexation	en	0	1528637797486	
en:embargo	embargo	embargo	en	0	1528638119305	
en:Quebec	Quebec	Quebec	en	0	1528637641639	
en:arduous	arduous	arduous	en	0	1528637561781	
en:exonerate	exonerate	exonerate	en	0	1528638737143	
en:dogged	dogged	dogged	en	0	1528640078671	
en:heralding	heralding	herald	en	0	1528639508292	
en:sabbatical	sabbatical	sabbatical	en	0	1528640605468	
en:grousing	grousing	grouse	en	0	1528639501684	
en:etiology	etiology	etiology	en	0	1528640510142	
en:vertigo	vertigo	vertigo	en	0	1528640389451	
en:pathological	pathological	pathological	en	0	1528640541065	
en:benign	benign	benign	en	0	1528639603251	
en:curios	curios	curio	en	0	1528640005802	
en:stigma	stigma	stigma	en	0	1528639969314	
en:segue	segue	segue	en	0	1528693520953	
en:accorded	accorded	accord	en	0	1528671991758	
en:strut	strut	strut	en	0	1528673673807	
en:Grotesque	Grotesque	grotesque	en	0	1528693619917	
en:Tel Aviv	Tel Aviv	Tel Aviv	en	0	1528693079517	
en:chafed	chafed	chafe	en	0	1528672912635	
en:delegation	delegation	delegation	en	100	1528693906817	
en:cult	cult	cult	en	100	1528760777548	
en:communique	communique	communique	en	0	1528758745593	
en:scrum	scrum	scrum	en	0	1528759012305	
en:filching	filching	filch	en	0	1528760210696	
en:supremo	supremo	supremo	en	0	1528758516715	
en:nascent	nascent	nascent	en	0	1528758538731	
en:onus	onus	onus	en	100	1528797597398	
en:sham	sham	sham	en	100	1528797648700	
en:epochal	epochal	epochal	en	0	1528844544119	
en:milled	milled	Mille	en	0	1528874598321	
en:confit	confit	confit	en	0	1528844714333	
en:hodgepodge	hodgepodge	hodgepodge	en	100	1528797638313	
en:retinopathy	retinopathy	retinopathy	en	0	1528845859195	
en:lieutenants	lieutenants	lieutenant	en	100	1528846343445	
en:Interspersing	Interspersing	intersperse	en	0	1528844686978	
en:chided	chided	chide	en	0	1528874507879	
en:lauded	lauded	Laud	en	0	1528846073494	
en:peoples	peoples	people	en	100	1528846340281	
en:teak	teak	teak	en	0	1528844873773	
en:vindication	vindication	vindication	en	0	1528845280189	
en:doubled	doubled	double	en	100	1528798133297	
en:cavernous	cavernous	cavernous	en	100	1528846445941	
en:route	route	route	en	100	1528797944850	
en:vice	vice	vice	en	100	1528933402851	
en:schizophrenia	schizophrenia	schizophrenia	en	0	1528933001708	
en:euro-sceptic	euro-sceptic	Euro-sceptic	en	0	1528931698243	
en:advocates	advocates	advocate	en	0	1528932352840	
en:discernible	discernible	discernible	en	100	1528933313931	
en:gambit	gambit	gambit	en	0	1528932409501	
en:mastectomy	mastectomy	mastectomy	en	0	1528931795433	
en:areolas	areolas	areola	en	0	1528931750082	
en:keel	keel	keel	en	0	1528931867047	
en:knell	knell	knell	en	0	1529219816370	
en:romping	romping	romp	en	0	1529220092638	
en:Tussle	Tussle	tussle	en	0	1529220573594	
en:antsy	antsy	antsy	en	0	1529220976925	
en:congenial	congenial	congenial	en	0	1529220898492	
en:alpine	alpine	alpine	en	0	1529221638934	
en:impetus	impetus	impetus	en	0	1529279465025	
en:longitudinal	longitudinal	longitudinal	en	0	1529364407086	
en:manila	manila	Manila	en	100	1529402772341	
en:mural	mural	mural	en	0	1529365217908	
en:saloon cars	saloon cars	saloon car	en	0	1529364501345	
en:abdication	abdication	abdication	en	0	1529365727570	
en:temblor	temblor	temblor	en	0	1529365045136	
en:errant	errant	errant	en	0	1529364588369	
en:cladding	cladding	cladding	en	0	1529366148388	
en:Guatemala	Guatemala	Guatemala	en	0	1529365125886	
en:roiled	roiled	roil	en	0	1529488959814	
en:Embezzlement	Embezzlement	embezzlement	en	0	1529451103717	
en:groused	groused	grouse	en	0	1529488869436	
en:gilt-edged	gilt-edged	gilt-edged	en	0	1529450981836	
en:armistice	armistice	armistice	en	0	1529451292539	
en:thwarting	thwarting	thwart	en	0	1529538385628	
en:Hereditary	Hereditary	hereditary	en	0	1529537802492	
en:Yemen	Yemen	Yemen	en	0	1529538507105	
en:malevolent	malevolent	malevolent	en	0	1529537819328	
en:prostrate	prostrate	prostrate	en	0	1529883266888	
en:DILI	DILI	Dili	en	0	1529883422398	
en:feuding	feuding	feud	en	0	1529881840307	
en:dyslexia	dyslexia	dyslexia	en	0	1529882558521	
en:bourbon	bourbon	bourbon	en	0	1529881740528	
en:envoy	envoy	envoy	en	0	1529971154489	
en:perils	perils	perils	en	0	1529969046843	
en:shogunate	shogunate	shogunate	en	0	1529971033857	
en:pro forma	pro forma	pro forma	en	0	1529969148701	
en:prolapsed	prolapsed	prolapse	en	0	1529970763393	
en:herald	herald	herald	en	0	1529969786869	
en:Messrs	Messrs	Messrs	en	0	1529969193486	
en:touting	touting	tout	en	0	1529969060253	
en:midriffs	midriffs	midriff	en	0	1530055472322	
en:Qatar	Qatar	Qatar	en	0	1530004093002	
en:virulent	virulent	virulent	en	0	1530055803463	
en:affront	affront	affront	en	0	1530141331683	
en:inadvertent	inadvertent	inadvertent	en	0	1530141963683	
en:punters	punters	punter	en	0	1530142297006	
en:affray	affray	affray	en	0	1530142429884	
en:shoddy	shoddy	shoddy	en	0	1530141983212	
en:derelict	derelict	derelict	en	0	1530142253398	
en:renegade	renegade	renegade	en	0	1530141707275	
en:flamboyant	flamboyant	flamboyant	en	0	1530141184863	
en:fervour	fervour	fervour	en	0	1530229193110	
en:schadenfreude	schadenfreude	Schadenfreude	en	0	1530229079803	
en:adept	adept	adept	en	0	1530228543758	
en:mutiny	mutiny	mutiny	en	0	1530228971539	
en:litigation	litigation	litigation	en	0	1530229365163	
en:qualms	qualms	qualm	en	0	1530230339761	
en:gangrene	gangrene	gangrene	en	0	1530229583983	
en:slavishly	slavishly	slavishly	en	0	1530229400878	
en:necrosis	necrosis	necrosis	en	0	1530229577253	
en:deity	deity	deity	en	0	1530416654290	
en:perched	perched	perched	en	0	1530416432638	
en:ethnobotany	ethnobotany	ethnobotany	en	0	1530418403767	
en:unequivocal	unequivocal	unequivocal	en	0	1530418216298	
en:enmity	enmity	enmity	en	0	1530488652399	
en:brazen	brazen	brazen	en	0	1530573478592	
en:abortive	abortive	abortive	en	0	1530572993530	
en:revolt	revolt	revolt	en	0	1530572923272	
en:emaciated	emaciated	emaciated	en	0	1530660079576	
en:eulogy	eulogy	eulogy	en	100	1530601590815	
en:kleptocracy	kleptocracy	kleptocracy	en	0	1530659945719	
en:contrition	contrition	contrition	en	0	1530660836580	
en:potholer	potholer	potholer	en	0	1530660447058	
en:ratty	ratty	ratty	en	0	1530697762031	
en:jostled	jostled	jostle	en	0	1530747389682	
en:compatriot	compatriot	compatriot	en	100	1530782989726	
en:stifled	stifled	stifle	en	0	1530785081241	
en:cascaded	cascaded	cascade	en	0	1530785005732	
en:abscess	abscess	abscess	en	0	1530784677013	
en:lurched	lurched	lurch	en	0	1530785069141	
en:slamming	slamming	slamming	en	0	1531129243957	
en:symposium	symposium	symposium	en	0	1531093596633	
en:tenure	tenure	tenure	en	0	1531129020371	
en:beleaguered	beleaguered	beleaguer	en	0	1531128748289	
en:gird	gird	gird	en	0	1531093739097	
en:harked	harked	hark	en	0	1531129247500	
en:civet	civet	civet	en	0	1530833691041	
en:borescope	borescope	borescope	en	0	1531093953144	
en:nestled	nestled	nestle	en	0	1531130465178	
en:plight	plight	plight	en	0	1531093996126	
en:vantage	vantage	vantage	en	100	1531211689620	
en:tribunals	tribunals	tribunal	en	0	1531177973940	
en:expedient	expedient	expedient	en	0	1531178924748	
en:Jubilant	Jubilant	jubilant	en	0	1531264849486	
en:Ponzi scheme	Ponzi scheme	Ponzi scheme	en	0	1531297170017	
en:matrimonial	matrimonial	matrimonial	en	0	1531265191256	
en:actuarially	actuarially	actuarially	en	0	1531265006015	
en:tetanus	tetanus	tetanus	en	0	1531265416672	
en:consignments	consignments	consignment	en	0	1531353870204	
en:wooziness	wooziness	wooziness	en	100	1531474862063	
en:quacks	quacks	quack	en	100	1531474939865	
en:subversion	subversion	subversion	en	0	1531437844272	
en:riveted	riveted	rivet	en	0	1531438585794	
en:dwelt	dwelt	dwell	en	100	1531475169333	
en:feisty	feisty	feisty	en	0	1531697203618	
en:tepid	tepid	tepid	en	0	1531697795166	
en:harangued	harangued	harangue	en	0	1531697905274	
en:indictment	indictment	indictment	en	0	1531697076450	
en:blanc	blanc	blanc	en	0	1531697663991	
en:affluent	affluent	affluent	en	100	1531698488115	
en:reign	reign	reign	en	100	1531698603760	
en:frenetic	frenetic	frenetic	en	0	1531816083504	
en:revelry	revelry	revelry	en	0	1531816091755	
en:veritable	veritable	veritable	en	0	1531815937545	
en:QUAGMIRE	QUAGMIRE	quagmire	en	0	1531816167870	
en:ratified	ratified	ratify	en	0	1532073218962	
en:hermit	hermit	hermit	en	100	1531871364553	
en:pragmatic	pragmatic	pragmatic	en	0	1532072996184	
en:Symposium	Symposium	symposium	en	0	1532072722598	
en:dithering	dithering	dither	en	0	1532073017847	
en:ordained	ordained	ordain	en	0	1532346436901	
en:bokeh	bokeh	bokeh	en	100	1532357015676	
en:arbitration	arbitration	arbitration	en	0	1532422653103	
en:auspices	auspices	auspice	en	0	1532422602858	
en:reprisals	reprisals	reprisal	en	0	1532426425546	
en:absconded	absconded	abscond	en	0	1532422844448	
en:tenuous	tenuous	tenuous	en	0	1532474641818	
en:tyke	tyke	tyke	en	100	1532476106384	
en:coop	coop	coop	en	100	1532476196976	
en:maestro	maestro	maestro	en	0	1532474388893	
en:renal	renal	renal	en	0	1532474774264	
en:vigilante	vigilante	vigilante	en	0	1532474948584	
en:mushrooming	mushrooming	mushroom	en	0	1532474553392	
en:nuptials	nuptials	nuptial	en	0	1532475211360	
en:parched	parched	parched	en	0	1532475285342	
en:posthumous	posthumous	posthumous	en	100	1532498632951	
en:morsel	morsel	morsel	en	100	1532562232936	
en:resurgence	resurgence	resurgence	en	100	1532561857948	
en:aggravated	aggravated	aggravated	en	100	1532498197229	
en:tripartite	tripartite	tripartite	en	100	1532498110524	
en:tenacity	tenacity	tenacity	en	0	1532648280093	
en:pelting	pelting	pelt	en	0	1532780359375	
en:self-immolation	self-immolation	self-immolation	en	0	1532648336365	
en:engendered	engendered	engender	en	0	1532648668671	
en:skylark	skylark	skylark	en	0	1532780346935	
en:silt	silt	silt	en	0	1532648235807	
en:Lombok	Lombok	Lombok	en	0	1532910744072	
en:psychotropic	psychotropic	psychotropic	en	0	1533079642839	
en:avert	avert	avert	en	0	1533079510640	
en:memorabilia	memorabilia	memorabilia	en	100	1533079937945	
en:rankled	rankled	rankle	en	0	1533079448471	
en:accolades	accolades	accolade	en	0	1533079157862	
en:marooned	marooned	Maroon	en	0	1533079549607	
en:clergy	clergy	clergy	en	0	1533457994193	
en:Paris	Paris	Paris	en	0	1533458409638	
en:balaclavas	balaclavas	balaclava	en	0	1533458978404	
en:formication	formication	formication	en	0	1533459065955	
en:alleges	alleges	allege	en	0	1533510707369	
en:jest	jest	jest	en	100	1533598654950	
en:congenital	congenital	congenital	en	100	1533598531243	
en:garbed	garbed	garb	en	0	1533597716393	
en:unabated	unabated	unabated	en	100	1533598966713	
en:troika	troika	troika	en	100	1533598551085	
en:ambience	ambience	ambience	en	100	1533598544736	
en:portmanteau	portmanteau	portmanteau	en	0	1533598446209	
en:Bilirubin	Bilirubin	bilirubin	en	0	1533688225327	
en:stance	stance	stance	en	0	1533687884033	
en:svelte	svelte	svelte	en	0	1533688750542	
en:jaundice	jaundice	jaundice	en	0	1533688271409	
en:furore	furore	furore	en	0	1533815795438	
en:precinct	precinct	precinct	en	0	1534086170614	
en:enclave	enclave	enclave	en	0	1534086013602	
en:imbibe	imbibe	imbibe	en	0	1534086136658	
en:cede	cede	cede	en	0	1534085927428	
en:Ponzi	Ponzi	ponzu	en	100	1534139011885	
en:larder	larder	larder	en	0	1534117753136	
en:carte blanche	carte blanche	carte blanche	en	0	1534231269787	
en:hospice	hospice	hospice	en	0	1534230727220	
en:Bureau	Bureau	bureau	en	0	1534230869736	
en:gaffe	gaffe	gaffe	en	0	1534230690965	
en:cronies	cronies	crony	en	0	1534230996844	
en:impeached	impeached	impeach	en	0	1534290870133	
en:pangolin	pangolin	pangolin	en	0	1534377280747	
en:instigating	instigating	instigate	en	0	1534377227590	
en:anthropogenic	anthropogenic	anthropogenic	en	0	1534377028803	
en:abdicate	abdicate	abdicate	en	0	1534376713132	
en:celibacy	celibacy	celibacy	en	0	1534463251755	
en:DETENTE	DETENTE	detente	en	0	1534463529143	
en:prima facie	prima facie	prima facie	en	0	1534463409975	
en:chronic	chronic	chronic	en	0	1534808114386	
en:acquitted	acquitted	acquit	en	0	1534807885645	
en:permeable	permeable	permeable	en	100	1534808541299	
en:precincts	precincts	precinct	en	0	1534722846599	
en:entourage	entourage	entourage	en	100	1534808667294	
en:impeach	impeach	impeach	en	0	1535006378177	
en:conspicuous	conspicuous	conspicuous	en	0	1534982140344	
en:implicate	implicate	implicate	en	0	1535006321497	
en:quell	quell	quell	en	0	1535018228529	
en:ophthalmologist	ophthalmologist	ophthalmologist	en	0	1534982239590	
en:pipeline	pipeline	pipeline	en	0	1535160834963	
en:punitive	punitive	punitive	en	0	1535160818062	
en:bigwigs	bigwigs	bigwig	en	0	1535326582661	
en:browbeat	browbeat	browbeat	en	0	1535326612458	
en:bipartisan	bipartisan	bipartisan	en	0	1535452525942	
en:maverick	maverick	maverick	en	0	1535452700880	
en:plethora	plethora	plethora	en	0	1535453321608	
en:ethos	ethos	ethos	en	0	1535453240990	
en:don	don	don	en	0	1535622364027	
en:swanky	swanky	swanky	en	0	1535622551187	
en:cajoling	cajoling	cajole	en	0	1535672418514	
en:menial	menial	menial	en	0	1535672128304	
en:nought	nought	nought	en	0	1535671961526	
en:coercing	coercing	coerce	en	0	1535672361812	
en:Uighurs	Uighurs	Uighur	en	0	1535672527923	
en:baled	baled	bale	en	0	1535673232953	
en:abbot	abbot	abbot	en	0	1535672334784	
en:desiccated	desiccated	desiccated	en	0	1535672959686	
en:vacillated	vacillated	vacillate	en	0	1535672172892	
en:inscrutable	inscrutable	inscrutable	en	100	1535673992642	
en:toil	toil	toil	en	0	1535672069628	
en:hedges	hedges	hedge	en	0	1535672304600	
en:impeachment	impeachment	impeachment	en	0	1535930615666	
en:frivolity	frivolity	frivolity	en	0	1535931671223	
en:stoking	stoking	stoke	en	0	1535931083234	
en:ceding	ceding	cedi	en	0	1535930497467	
en:unmoored	unmoored	unmoor	en	0	1535930746047	
en:covert	covert	covert	en	0	1535932479040	
en:rustic	rustic	rustic	en	0	1536017498724	
en:teems	teems	teem	en	0	1535932627343	
en:spittoons	spittoons	spittoon	en	0	1536017281091	
en:cosmopolitan	cosmopolitan	cosmopolitan	en	0	1535931967027	
en:ubiquitous	ubiquitous	ubiquitous	en	100	1535932640522	
en:CARACAS	CARACAS	Caracas	en	0	1536019068369	
en:pliant	pliant	pliant	en	0	1536019356386	
en:feted	feted	fete	en	0	1536106227663	
en:inauguration	inauguration	inauguration	en	0	1536104775035	
en:quash	quash	quash	en	0	1536019303800	
en:fervent	fervent	fervent	en	0	1536104755151	
en:plaudits	plaudits	plaudits	en	0	1536105837349	
en:barmaids	barmaids	barmaid	en	100	1536141474790	
en:seditious	seditious	seditious	en	0	1536104854178	
en:mules	mules	mule	en	0	1536103778086	
en:stroke	stroke	stroke	en	0	1536106140944	
en:slated	slated	slate	en	0	1536104780512	
en:litigious	litigious	litigious	en	0	1536019345244	
en:liposuction	liposuction	liposuction	en	0	1536104429072	
en:exasperated	exasperated	exasperate	en	0	1536191095450	
en:preponderance	preponderance	preponderance	en	0	1536190747681	
en:eclectic	eclectic	eclectic	en	0	1536622568713	
en:quilt	quilt	quilt	en	0	1536622238261	
en:LYON	LYON	Lyon	en	0	1536623557580	
en:petanque	petanque	pétanque	en	0	1536623333915	
en:insolvency	insolvency	insolvency	en	0	1536623876914	
en:vexatious	vexatious	vexatious	en	0	1536623740186	
en:boules	boules	boules	en	0	1536623378169	
en:eccentric	eccentric	eccentric	en	0	1536623074646	
en:moguls	moguls	Mogul	en	0	1536622991208	
en:syphilis	syphilis	syphilis	en	100	1536710135195	
en:vanquished	vanquished	vanquish	en	100	1536709779035	
en:decapitation	decapitation	decapitation	en	100	1536710433977	
en:caviar	caviar	caviar	en	0	1536708947445	
en:batter	batter	batter	en	0	1536708903448	
en:singeing	singeing	singe	en	0	1536746836251	
en:goop	goop	goop	en	0	1536746737172	
en:sill	sill	sill	en	0	1536794417900	
en:Hungary	Hungary	Hungary	en	0	1536795339369	
en:grit	grit	grit	en	0	1536746758829	
en:amoebas	amoebas	amoeba	en	0	1536794203984	
en:cavalier	cavalier	cavalier	en	0	1536840911906	
en:plaque	plaque	plaque	en	0	1536881274285	
en:scant	scant	scant	en	0	1536848666377	
en:sustenance	sustenance	sustenance	en	0	1536848723787	
en:gruff	gruff	gruff	en	0	1536841608784	
en:nonscent	nonscent	non-scene	en	0	1536849188353	
en:mote	mote	mote	en	0	1536841876412	
en:runt	runt	runt	en	0	1536842325267	
en:moochers	moochers	moocher	en	0	1536842433189	
en:pallid	pallid	pallid	en	0	1536849978264	
en:ragging	ragging	rag	en	0	1536881109061	
en:susses	susses	suss	en	0	1536882177684	
en:mildew	mildew	mildew	en	0	1536841534873	
en:Hispanic	Hispanic	Hispanic	en	0	1536841052125	
en:thrum	thrum	thrum	en	0	1536840625125	
en:mirth	mirth	mirth	en	0	1536841158626	
en:vat	vat	vat	en	0	1536881528757	
en:cinch	cinch	cinch	en	0	1536841071160	
en:debris	debris	debris	en	100	1537142907127	
en:secularism	secularism	secularism	en	100	1537142608238	
en:contempt	contempt	contempt	en	0	1537179159337	
en:perplexed	perplexed	perplexed	en	0	1537179359384	
en:shambled	shambled	shamble	en	0	1537178519039	
en:twilight	twilight	twilight	en	0	1537178675816	
en:Invigorated	Invigorated	invigorate	en	0	1537179351996	
en:conglomerate	conglomerate	conglomerate	en	100	1537227095540	
en:staving	staving	stave	en	0	1537226006684	
en:stillborn	stillborn	stillborn	en	0	1537226155203	
en:abreast	abreast	abreast	en	100	1537226937736	
en:gyrating	gyrating	gyrate	en	0	1537265046060	
en:melodramatic	melodramatic	melodramatic	en	100	1537313607705	
en:sluicing	sluicing	sluice	en	0	1537351411636	
en:appendages	appendages	appendage	en	100	1537313126235	
en:demented	demented	demented	en	0	1537351507006	
en:Suffusing	Suffusing	suffuse	en	0	1537351379636	
en:lumbered	lumbered	lumber	en	0	1537351231577	
en:teeming	teeming	teem	en	100	1537313136975	
en:Averting	Averting	avert	en	100	1537313247432	
en:conglomerates	conglomerates	conglomerate	en	100	1537313409003	
en:rehashing	rehashing	rehash	en	0	1537399947429	
en:pavlova	pavlova	pavlova	en	0	1537398929046	
en:Duchess	Duchess	duchess	en	0	1537398875529	
en:curt	curt	curt	en	0	1537400009342	
en:copse	copse	copse	en	0	1537447849033	
en:cinching	cinching	cinch	en	0	1537445943355	
en:swath	swath	swath	en	0	1537447472488	
en:conformity	conformity	conformity	en	100	1537487816347	
en:celebre	celebre	Celebra	en	0	1537745963130	
en:arid	arid	arid	en	0	1537783482967	
en:oblong	oblong	oblong	en	0	1537783872794	
en:billowing	billowing	billow	en	0	1537783686563	
en:plaques	plaques	plaque	en	0	1537830630786	
en:satirise	satirise	satirise	en	0	1537831162586	
en:sniffed	sniffed	sniff	en	100	1537831916087	
en:caricatured	caricatured	caricature	en	0	1537831128592	
en:pockmarked	pockmarked	pockmark	en	0	1537860487275	
en:repatriation	repatriation	repatriation	en	100	1537831845090	
en:niches	niches	niche	en	0	1537830659202	
en:vigil	vigil	vigil	en	100	1537832104955	
en:bulbous	bulbous	bulbous	en	0	1537860174036	
en:galvanised	galvanised	galvanise	en	100	1537832264838	
en:maw	maw	maw	en	0	1537870225619	
en:acrid	acrid	acrid	en	0	1537869433683	
en:stoically	stoically	stoically	en	0	1537869474690	
en:menace	menace	menace	en	100	1537919697555	
en:grub	grub	grub	en	100	1537919688479	
en:punnet	punnet	punnet	en	0	1537918941732	
en:delinquents	delinquents	delinquent	en	100	1537919832762	
en:solidarity	solidarity	solidarity	en	0	1537918832271	
en:aficionado	aficionado	aficionado	en	0	1538004254330	
en:Dubai	Dubai	Dubai	en	0	1538003937190	
en:repealed	repealed	repeal	en	100	1538004436311	
en:Octogenarian	Octogenarian	octogenarian	en	100	1538004480048	
en:immaculate	immaculate	immaculate	en	100	1538004930227	
en:vested	vested	vest	en	100	1538004739299	
en:wafting	wafting	waft	en	100	1538004923487	
en:de facto	de facto	de facto	en	100	1538004455599	
en:falter	falter	falter	en	0	1538091230371	
en:inebriated	inebriated	inebriate	en	0	1538090702270	
en:unequivocally	unequivocally	unequivocally	en	0	1538205726635	
en:riveting	riveting	riveting	en	0	1538205880013	
en:Indelible	Indelible	indelible	en	0	1538205767275	
en:cusp	cusp	cusp	en	0	1538207119033	
en:cedar	cedar	cedar	en	0	1538206602479	
en:rancid	rancid	rancid	en	0	1538206451745	
en:cadre	cadre	cadre	en	0	1538350242566	
en:shafts	shafts	shaft	en	0	1538349029658	
en:animosity	animosity	animosity	en	0	1538437008198	
en:tribute	tribute	tribute	en	100	1538351049533	
en:propitious	propitious	propitious	en	0	1538436187828	
en:spiffy	spiffy	spiffy	en	0	1538474309739	
en:acrimony	acrimony	acrimony	en	0	1538350364462	
en:lectern	lectern	lectern	en	0	1538474676246	
en:ensnared	ensnared	ensnare	en	100	1538524311975	
en:vestibule	vestibule	vestibule	en	0	1538559482724	
en:tousling	tousling	tousle	en	0	1538562257473	
en:divvied	divvied	divvy	en	0	1538562067246	
en:chagrined	chagrined	chagrined	en	0	1538562092578	
en:centrist	centrist	centrist	en	0	1538609963795	
en:commensurate	commensurate	commensurate	en	0	1538609067828	
en:lapels	lapels	lapel	en	0	1538656495462	
en:transgressions	transgressions	transgression	en	0	1538609113232	
en:smothers	smothers	smother	en	0	1538609230406	
en:trove	trove	trove	en	0	1538610123210	
en:amnesty	amnesty	amnesty	en	0	1538609373315	
en:repertoire	repertoire	repertoire	en	0	1538608810396	
en:sureties	sureties	surety	en	0	1538695555521	
en:indicted	indicted	indict	en	0	1538695940496	
en:pariah	pariah	pariah	en	0	1538695778447	
en:reprieve	reprieve	reprieve	en	0	1538696532395	
en:oesophagus	oesophagus	oesophagus	en	0	1538954658781	
en:apprehension	apprehension	apprehension	en	0	1538992526838	
en:scrubs	scrubs	scrubs	en	0	1538992698667	
en:Congolese	Congolese	Congolese	en	0	1538954495478	
en:partisan	partisan	partisan	en	0	1538954932519	
en:consulate	consulate	consulate	en	0	1538956171517	
en:corroborated	corroborated	corroborate	en	0	1538955086509	
en:slanderous	slanderous	slanderous	en	0	1538954431736	
en:plundering	plundering	plunder	en	100	1539041669547	
en:beau	beau	beau	en	0	1539041324371	
en:curtly	curtly	curtly	en	0	1539078283232	
en:cot	cot	cot	en	0	1539042428571	
en:frumpy	frumpy	frumpy	en	0	1539042402197	
en:allure	allure	allure	en	100	1539041663295	
en:provost	provost	provost	en	0	1539041218106	
en:secular	secular	secular	en	100	1539041959278	
en:ghastly	ghastly	ghastly	en	0	1539164538431	
en:impugning	impugning	impugn	en	0	1539127278173	
en:unfettered	unfettered	unfettered	en	0	1539164604288	
en:gruffly	gruffly	gruffly	en	0	1539164049682	
en:liquefaction	liquefaction	liquefaction	en	0	1539128095784	
en:rickety	rickety	rickety	en	0	1539164038342	
en:docked	docked	dock	en	100	1539128961770	
en:patriarchal	patriarchal	patriarchal	en	0	1539127228405	
en:reveled	reveled	reveled	en	0	1539166198675	
en:rapped	rapped	rap	en	100	1539215454752	
en:rattled	rattled	Rattle	en	100	1539215555402	
en:debauchery	debauchery	debauchery	en	0	1539260493960	
en:anarchic	anarchic	anarchic	en	0	1539260476083	
en:dissident	dissident	dissident	en	0	1539214045145	
en:apprehensive	apprehensive	apprehensive	en	0	1539259667924	
en:cacophony	cacophony	cacophony	en	0	1539260697092	
en:Teheran	Teheran	Teheran	en	100	1539215439500	
en:vegging	vegging	veg	en	0	1539260619767	
en:Bhutan	Bhutan	Bhutan	en	0	1539213921126	
en:exasperation	exasperation	exasperation	en	0	1539259701716	
en:dilapidated	dilapidated	dilapidated	en	0	1539259819081	
en:eked	eked	eke	en	100	1539215425064	
en:pontiff	pontiff	pontiff	en	0	1539214407652	
en:squarely	squarely	squarely	en	0	1539213495281	
en:austerity	austerity	austerity	en	0	1539299667034	
en:sputtering	sputtering	sputter	en	0	1539299387676	
en:steppe	steppe	steppe	en	0	1539300034586	
en:cosmodrome	cosmodrome	cosmodrome	en	0	1539300063413	
en:gynaecologist	gynaecologist	gynaecologist	en	100	1539300466968	
en:musk	musk	musk	en	0	1539299798125	
en:wallabies	wallabies	Wallabies	en	0	1539579026319	
en:Oman	Oman	Oman	en	0	1539579057813	
en:affidavit	affidavit	affidavit	en	0	1539735023259	
en:testy	testy	testy	en	0	1539734724994	
en:welt	welt	welt	en	0	1539870303962	
en:fiduciary	fiduciary	fiduciary	en	0	1539818942282	
en:mangled	mangled	mangle	en	0	1539868592783	
en:rapporteur	rapporteur	rapporteur	en	0	1539819409909	
en:fumigate	fumigate	fumigate	en	100	1539906410942	
en:marred	marred	mar	en	0	1540164087744	
en:indigenous	indigenous	indigenous	en	0	1540251169288	
en:assimilation	assimilation	assimilation	en	0	1540251187110	
en:egregious	egregious	egregious	en	0	1540251146577	
en:inaugural	inaugural	inaugural	en	0	1540251087398	
en:jaunt	jaunt	jaunt	en	0	1540288492042	
en:thoroughfare	thoroughfare	thoroughfare	en	0	1540288746178	
en:flippantly	flippantly	flippantly	en	0	1540251389546	
en:ancillary	ancillary	ancillary	en	0	1540250634173	
en:coup d'etat	coup d'etat	coup d'état	en	0	1540251466446	
en:dappled	dappled	dappled	en	0	1540373838522	
en:unadorned	unadorned	unadorned	en	0	1540373868544	
en:reedy	reedy	reedy	en	0	1540374291615	
en:exuded	exuded	exude	en	0	1540374266886	
en:moonlighting	moonlighting	moonlight	en	0	1540336451760	
en:winch	winch	winch	en	0	1540337367830	
en:stucco	stucco	stucco	en	0	1540376279645	
en:tribunal	tribunal	tribunal	en	0	1540338639028	
en:swatch	swatch	swatch	en	0	1540373822487	
en:tranche	tranche	tranche	en	0	1540337931063	
en:Vivisection	Vivisection	vivisection	en	0	1540374352815	
en:fanaticism	fanaticism	fanaticism	en	0	1540375766313	
en:gondola	gondola	gondola	en	0	1540337332498	
en:gurney	gurney	gurney	en	0	1540374692328	
en:abetting	abetting	abet	en	0	1540336277234	
en:bourses	bourses	bourse	en	100	1540338581974	
en:ephemeral	ephemeral	ephemeral	en	0	1540337098841	
en:rungs	rungs	rung	en	0	1540424432517	
en:abhorrent	abhorrent	abhorrent	en	0	1540460920322	
en:decried	decried	decry	en	0	1540509954350	
en:skilful	skilful	skilful	en	100	1540511189300	
en:stemmed	stemmed	stem	en	0	1540509207995	
en:Footfall	Footfall	footfall	en	0	1540509791754	
en:pertinent	pertinent	pertinent	en	0	1540509720889	
en:divested	divested	divest	en	0	1540510986316	
en:tandem	tandem	tandem	en	0	1540509707267	
en:gripe	gripe	gripe	en	0	1540509813446	
en:bris	bris	bris	en	0	1540769693861	
en:urbane	urbane	urbane	en	0	1540808001684	
en:burly	burly	burly	en	0	1540807927236	
en:spate	spate	spate	en	0	1540769638840	
en:sordid	sordid	sordid	en	0	1540806242236	
en:alcove	alcove	alcove	en	0	1540806690301	
en:bigoted	bigoted	bigoted	en	0	1540807845894	
en:jewess	jewess	Jewess	en	0	1540807545605	
en:willowherb	willowherb	willowherb	en	0	1540806216294	
en:tableaux	tableaux	tableau	en	0	1540806282624	
en:vile	vile	vile	en	0	1540805661806	
en:pedagogy	pedagogy	pedagogy	en	0	1540770047222	
en:contrived	contrived	contrived	en	0	1540805779737	
en:corrugated	corrugated	corrugated	en	0	1540806189994	
en:frowzy	frowzy	frowzy	en	0	1540807087392	
en:truncheons	truncheons	truncheon	en	0	1540806510925	
en:baulks	baulks	baulk	en	0	1540806141896	
en:adherents	adherents	adherent	en	0	1540807866336	
en:furtively	furtively	furtively	en	0	1540807214445	
en:porpoise	porpoise	porpoise	en	0	1540807520072	
en:strident	strident	strident	en	0	1540807363151	
en:prole	prole	prole	en	0	1540807610726	
en:interminable	interminable	interminable	en	0	1540807403907	
en:ramifications	ramifications	ramification	en	0	1540806408178	
en:denigrating	denigrating	denigrate	en	0	1540856454204	
en:insular	insular	insular	en	0	1541029507965	
en:synagogue	synagogue	synagogue	en	0	1541029643307	
en:salvo	salvo	salvo	en	0	1541028846555	
en:abetment	abetment	abetment	en	0	1541113833155	
en:squirrelled	squirrelled	squirrel	en	0	1541114190660	
en:blasphemy	blasphemy	blasphemy	en	0	1541113706814	
en:impunity	impunity	impunity	en	0	1541114267718	
en:rabies	rabies	rabies	en	100	1541115386784	
en:corset	corset	corset	en	100	1541547669392	
en:thyroid	thyroid	thyroid	en	0	1541546374049	
en:protectionist	protectionist	protectionist	en	100	1541547723409	
en:resin	resin	resin	en	0	1541546976023	
en:ineffable	ineffable	ineffable	en	0	1541545882552	
en:nondescript	nondescript	nondescript	en	100	1541547459922	
en:philanthropist	philanthropist	philanthropist	en	0	1541546775949	
en:libellous	libellous	libellous	en	0	1541632699653	
en:convalescence	convalescence	convalescence	en	0	1541632151849	
en:statutory	statutory	statutory	en	0	1541633553699	
en:gnats	gnats	gnat	en	100	1541721311337	
en:trepidation	trepidation	trepidation	en	0	1541720505190	
en:matriarch	matriarch	matriarch	en	100	1541721260556	
en:Ode	Ode	ode	en	100	1541721252762	
en:bereft	bereft	bereft	en	0	1541720301395	
en:rapaciousness	rapaciousness	rapaciousness	en	0	1541979300007	
en:culpability	culpability	culpability	en	0	1542065505144	
en:exhortations	exhortations	exhortation	en	0	1542065389582	
en:lauds	lauds	lauds	en	100	1542151995685	
en:abiding	abiding	abiding	en	0	1542150679709	
en:botched	botched	botch	en	0	1542151004115	
en:imperil	imperil	imperil	en	0	1542238300284	
en:terse	terse	terse	en	0	1542275843842	
en:stark	stark	stark	en	0	1542324216319	
en:solemn	solemn	solemn	en	100	1542325392404	
en:frigid	frigid	frigid	en	0	1542324406084	
en:binge	binge	binge	en	100	1542325623892	
en:deluge	deluge	deluge	en	100	1542325451639	
en:gaffes	gaffes	gaffe	en	0	1542324484146	
en:Apec	Apec	APEC	en	0	1542583973327	
en:municipal	municipal	municipal	en	0	1542584139006	
en:bastion	bastion	bastion	en	0	1542584190571	
en:bleating	bleating	bleat	en	0	1542621880604	
en:stake	stake	stake	en	0	1542622370163	
en:supple	supple	supple	en	0	1542622429579	
en:heresies	heresies	heresy	en	0	1542622022985	
en:flog	flog	flog	en	0	1542622350290	
en:inexorably	inexorably	inexorably	en	0	1542622138204	
en:orators	orators	orator	en	0	1542621772161	
en:ravish	ravish	ravish	en	0	1542622395205	
en:odious	odious	odious	en	0	1542622445475	
en:truncheon	truncheon	truncheon	en	0	1542622360345	
en:aureole	aureole	aureole	en	0	1542621679851	
en:claptrap	claptrap	claptrap	en	0	1542621811101	
en:orthodoxy	orthodoxy	orthodoxy	en	0	1542621533784	
en:clandestinely	clandestinely	clandestinely	en	0	1542622046085	
en:vindictiveness	vindictiveness	vindictiveness	en	0	1542622207935	
en:specious	specious	specious	en	0	1542621796718	
en:compendium	compendium	compendium	en	0	1542622009414	
en:rung	rung	rung	en	0	1542622159477	
en:borne	borne	borne	en	0	1542621903670	
en:Taleban	Taleban	Taleban	en	0	1542670723085	
en:delirium	delirium	delirium	en	0	1542706281895	
en:dingy	dingy	dingy	en	0	1542706711709	
en:envisaged	envisaged	envisage	en	0	1542670822093	
en:bloc	bloc	bloc	en	0	1542670798718	
en:discountenanced	discountenanced	discountenance	en	0	1542706641995	
en:capering	capering	caper	en	0	1542707023360	
en:roused	roused	rouse	en	0	1542706423896	
en:twinge	twinge	twinge	en	0	1542706500312	
en:gambolling	gambolling	gambol	en	0	1542706979873	
en:imbecile	imbecile	imbecile	en	0	1542706844358	
en:entrails	entrails	entrails	en	0	1542706268078	
en:equivocal	equivocal	equivocal	en	0	1542706407026	
en:flambe	flambe	flambé	en	100	1542671816090	
en:staunch	staunch	staunch	en	0	1542670547512	
en:din	din	din	en	0	1542622502115	
en:asylum	asylum	asylum	en	100	1542755768584	
en:En bloc	En bloc	en bloc	en	0	1542756414579	
en:armaments	armaments	armaments	en	0	1542880585931	
en:clamoured	clamoured	clamour	en	0	1542880514267	
en:post-natal	post-natal	post-natal	en	0	1542843113937	
en:en route	en route	en route	en	100	1542843472369	
en:fillip	fillip	fillip	en	0	1542842199851	
en:ambivalent	ambivalent	ambivalent	en	0	1542842130239	
en:stupendous	stupendous	stupendous	en	0	1542880859953	
en:bellowed	bellowed	Bellow	en	0	1542880553989	
en:fuselage	fuselage	fuselage	en	0	1542843035512	
en:could	could	could	en	100	1542843563583	
en:anointed	anointed	anoint	en	0	1542929764119	
en:niggles	niggles	niggle	en	0	1542929846371	
en:aneurysm	aneurysm	aneurysm	en	0	1542928837465	
en:lymphoma	lymphoma	lymphoma	en	0	1542929125874	
en:paternalistic	paternalistic	paternalistic	en	0	1542929075617	
en:convalescing	convalescing	convalesce	en	0	1542928878827	
en:varicose	varicose	varicose	en	0	1543188343064	
en:missionary	missionary	missionary	en	0	1543186804257	
en:separatist	separatist	separatist	en	0	1543186629717	
en:perilous	perilous	perilous	en	0	1543187759960	
en:drubbing	drubbing	drubbing	en	0	1543186617113	
en:palliative	palliative	palliative	en	0	1543186983620	
en:flagrantly	flagrantly	flagrantly	en	0	1543274922367	
en:dissembled	dissembled	dissemble	en	0	1543275495228	
en:eugenics	eugenics	eugenics	en	0	1543275093145	
en:rapprochement	rapprochement	rapprochement	en	0	1543274548303	
en:purportedly	purportedly	purportedly	en	0	1543275738175	
en:tryst	tryst	tryst	en	0	1543274720677	
en:reconvenes	reconvenes	reconvene	en	100	1543365809229	
en:sedentary	sedentary	sedentary	en	100	1543365860606	
en:Kiev	Kiev	Kiev	en	0	1543365015716	
en:swopping	swopping	swop	en	0	1543451497781	
en:crescendo	crescendo	crescendo	en	100	1543451016096	
en:riffed	riffed	riff	en	0	1543451774079	
en:farce	farce	farce	en	0	1543538024467	
en:coup	coup	coup	en	100	1543538677738	
en:terns	terns	tern	en	0	1543538452590	
en:clarinetist	clarinetist	clarinetist	en	100	1543539243805	
en:bronchitis	bronchitis	bronchitis	en	0	1543714980997	
en:repudiated	repudiated	repudiate	en	0	1543715105249	
en:aquaplaning	aquaplaning	aquaplaning	en	0	1543713379619	
en:lurid	lurid	lurid	en	0	1543715674716	
en:spurned	spurned	spurn	en	0	1543714448139	
en:rife	rife	rife	en	0	1543715650290	
en:underscored	underscored	underscore	en	0	1543792807189	
en:Buenos Aires	Buenos Aires	Buenos Aires	en	0	1543792652138	
en:nuanced	nuanced	nuance	en	0	1543715028364	
en:tumultuous	tumultuous	tumultuous	en	0	1543714889139	
en:lament	lament	lament	en	0	1543879624958	
en:impinge	impinge	impinge	en	0	1543965584432	
en:extradite	extradite	extradite	en	0	1543965652287	
en:reneging	reneging	renege	en	0	1543967139675	
en:inundated	inundated	inundate	en	0	1544052682535	
en:detente	detente	detente	en	0	1544051673481	
en:profligate	profligate	profligate	en	0	1544138878611	
en:brusquely	brusquely	brusquely	en	0	1544139021902	
en:glaucoma	glaucoma	glaucoma	en	0	1544138350178	
en:over	over	over	en	0	1544138319818	
en:ratify	ratify	ratify	en	0	1544138281101	
en:blot	blot	blot	en	0	1544138323208	
en:assuaged	assuaged	assuage	en	0	1544139301964	
en:bogeyman	bogeyman	bogeyman	en	0	1544240283694	
en:jingoistic	jingoistic	jingoistic	en	0	1544240133289	
en:circumspect	circumspect	circumspect	en	0	1544240124686	
en:resolute	resolute	resolute	en	0	1544240147549	
en:pundit	pundit	pundit	en	0	1544240732403	
en:bicentennial	bicentennial	bicentennial	en	0	1544239722041	
en:drawl	drawl	drawl	en	0	1544397944380	
en:amygdala	amygdala	amygdala	en	0	1544398668545	
en:Brussels	Brussels	Brussels	en	0	1544397431725	
en:strife	strife	strife	en	0	1544397896491	
en:fawning	fawning	fawning	en	0	1544398317634	
en:laureates	laureates	laureate	en	0	1544398569935	
en:placate	placate	placate	en	0	1544484528545	
en:accede	accede	accede	en	0	1544483905625	
en:quandary	quandary	quandary	en	0	1544484686586	
en:sprightly	sprightly	sprightly	en	0	1544570405839	
en:pirouette	pirouette	pirouette	en	0	1544571094944	
en:coalition	coalition	coalition	en	0	1544570155979	
en:marsupial	marsupial	marsupial	en	0	1544570389452	
en:Katowice	Katowice	Katowice	en	0	1544657004913	
en:impasse	impasse	impasse	en	0	1544658006909	
en:tad	tad	tad	en	0	1544656963589	
en:behest	behest	behest	en	0	1544657061695	
en:treble	treble	treble	en	0	1544657594898	
en:clemency	clemency	clemency	en	0	1544657109514	
en:rancour	rancour	rancour	en	0	1544658127393	
en:Bifurcation	Bifurcation	bifurcation	en	0	1544657481689	
en:adjudication	adjudication	adjudication	en	0	1544743253111	
en:amalgam	amalgam	amalgam	en	0	1545175063287	
en:exacerbated	exacerbated	exacerbate	en	0	1545261130874	
en:covertly	covertly	covertly	en	0	1545261678836	
en:appellant	appellant	appellant	en	0	1545261344206	
en:malign	malign	malign	en	0	1545348665599	
en:amicably	amicably	amicably	en	0	1545531782120	
en:dereliction	dereliction	dereliction	en	0	1545530966012	
en:Lahore	Lahore	Lahore	en	0	1545965411432	
en:sterling	sterling	sterling	en	0	1546212256013	
en:Pundits	Pundits	pundit	en	0	1546470460086	
en:mantle	mantle	mantle	en	0	1546470742245	
en:proliferate	proliferate	proliferate	en	0	1546470395487	
en:lambasts	lambasts	lambast	en	0	1546470777102	
en:pristine	pristine	pristine	en	0	1546557858982	
en:rapeseed	rapeseed	rapeseed	en	0	1546557482043	
en:sully	sully	sully	en	0	1546557655432	
en:dowdy	dowdy	dowdy	en	0	1546817511464	
en:coronation	coronation	coronation	en	0	1546816828958	
en:decree	decree	decree	en	0	1546816897833	
en:abdicated	abdicated	abdicate	en	0	1546935221050	
en:clamouring	clamouring	clamour	en	0	1546937025716	
en:furloughed	furloughed	furlough	en	0	1546990069139	
en:allay	allay	allay	en	0	1546990039886	
en:parlour	parlour	parlour	en	0	1546990372459	
en:bucked	bucked	Buck	en	0	1546990577838	
en:capoeira	capoeira	capoeira	en	0	1547075241958	
en:intransigence	intransigence	intransigence	en	0	1547310743581	
en:brinkmanship	brinkmanship	brinkmanship	en	0	1547310723029	
en:pro bono	pro bono	pro bono	en	0	1547372754686	
en:disgruntled	disgruntled	disgruntled	en	0	1547509145445	
en:savannah	savannah	savannah	en	0	1547508781126	
en:paediatric	paediatric	paediatric	en	0	1547508799115	
en:capricious	capricious	capricious	en	0	1547509026482	
en:moots	moots	moot	en	0	1547508879258	
en:vexed	vexed	vexed	en	0	1547508708431	
en:swathes	swathes	swathe	en	0	1547594741497	
en:adjourned	adjourned	adjourn	en	0	1547680631629	
en:augur	augur	augur	en	0	1547681635468	
en:plaintiffs	plaintiffs	plaintiff	en	0	1547681140681	
en:sanguine	sanguine	sanguine	en	0	1547680190505	
en:locum	locum	locum	en	0	1547768599351	
en:mete	mete	mete	en	0	1547768420608	
en:hysteria	hysteria	hysteria	en	0	1547768284374	
en:glitterati	glitterati	glitterati	en	0	1548027427919	
en:Davos	Davos	Davos	en	0	1548027339058	
en:autonomy	autonomy	autonomy	en	0	1548027691921	
en:Philatelic	Philatelic	philatelic	en	0	1548114265124	
en:internecine	internecine	internecine	en	0	1548199715267	
en:ravine	ravine	ravine	en	0	1548199834631	
en:embroiled	embroiled	embroil	en	0	1548199706592	
en:Freehold	Freehold	freehold	en	0	1548374136604	
en:jibes	jibes	jibe	en	0	1548286834594	
en:hawed	hawed	haw	en	0	1548286475312	
en:hemmed	hemmed	hem	en	0	1548286459156	
en:civvies	civvies	civvies	en	0	1548374895892	
en:scion	scion	scion	en	0	1548375121993	
en:canapes	canapes	canapé	en	0	1548374948056	
en:cloistered	cloistered	cloistered	en	0	1548375115405	
en:heretic	heretic	heretic	en	0	1548591955245	
en:apocryphal	apocryphal	apocryphal	en	0	1548592124799	
en:Clerk	Clerk	clerk	en	0	1548594251197	
en:metaphysics	metaphysics	metaphysics	en	0	1548592657232	
en:postulated	postulated	postulate	en	0	1548592084260	
en:intrepid	intrepid	intrepid	en	0	1548671296642	
en:malaise	malaise	malaise	en	0	1548632373540	
en:ascribed	ascribed	ascribe	en	0	1548669229013	
en:archetypal	archetypal	archetypal	en	0	1548668767410	
en:enigmatic	enigmatic	enigmatic	en	0	1548632991382	
en:hearse	hearse	hearse	en	0	1548632198889	
en:pulsating	pulsating	pulsate	en	0	1548756421242	
en:proliferation	proliferation	proliferation	en	0	1548719077614	
en:Lamenting	Lamenting	lament	en	0	1548719020645	
en:abhors	abhors	abhor	en	0	1548755701180	
en:maxim	maxim	maxim	en	0	1548756483343	
en:raucous	raucous	raucous	en	0	1548719086952	
en:poker	poker	poker	en	0	1548764205570	
en:decreed	decreed	decree	en	0	1548768161127	
en:epithet	epithet	epithet	en	0	1548764735675	
en:epoch	epoch	epoch	en	0	1548762953980	
en:heliocentric	heliocentric	heliocentric	en	0	1548768590466	
en:primordial	primordial	primordial	en	0	1548762985222	
en:flanked	flanked	flank	en	0	1548927248002	
en:pall	pall	pall	en	0	1548891524430	
en:stifle	stifle	stifle	en	0	1548891575879	
en:strenuously	strenuously	strenuously	en	0	1548927358603	
en:limerick	limerick	limerick	en	0	1548929608916	
en:specific	specific	specific	en	0	1548891571143	
en:precipitously	precipitously	precipitously	en	0	1548927208514	
en:gastroenteritis	gastroenteritis	gastroenteritis	en	0	1548892166476	
en:punt	punt	punt	en	0	1548934781915	
en:John Wesley	John Wesley	John Wesley	en	0	1548934882386	
en:advent	advent	advent	en	0	1548944401591	
en:genesis	genesis	genesis	en	0	1548945793676	
en:vitriol	vitriol	vitriol	en	0	1548945968011	
en:emphatic	emphatic	emphatic	en	0	1548943155002	
en:conscription	conscription	conscription	en	0	1548945487113	
en:gallows	gallows	gallows	en	0	1548945984462	
en:allegorical	allegorical	allegorical	en	0	1548945700366	
en:pacifism	pacifism	pacifism	en	0	1548945579741	
en:placated	placated	placate	en	0	1548944966792	
en:deviousness	deviousness	deviousness	en	0	1548945959303	
en:heterotic	heterotic	heterotic	en	0	1548943837404	
en:phlegmatic	phlegmatic	phlegmatic	en	0	1548945539236	
en:apothecary	apothecary	apothecary	en	0	1548946713823	
en:spittoon	spittoon	spittoon	en	0	1548947018651	
en:talcum	talcum	talcum	en	0	1548947339775	
en:lines	lines	lines	en	0	1548946976701	
en:mare	mare	mare	en	0	1548947103993	
en:imprudent	imprudent	imprudent	en	0	1548947124139	
en:duress	duress	duress	en	0	1549015474794	
en:persecution	persecution	persecution	en	0	1549016678411	
en:vapid	vapid	vapid	en	0	1549017998048	
en:adjoined	adjoined	adjoin	en	0	1549018207535	
en:collard	collard	collard	en	0	1549017565785	
en:slat	slat	slat	en	0	1549017351441	
en:exuberant	exuberant	exuberant	en	0	1549016492832	
en:brethren	brethren	brethren	en	0	1549016706292	
en:flivver	flivver	flivver	en	0	1549018426777	
en:impotent	impotent	impotent	en	0	1549016948677	
en:mockingbird	mockingbird	mockingbird	en	0	1549016433656	
en:azaleas	azaleas	azalea	en	0	1549018150992	
en:terrier	terrier	terrier	en	0	1549017642933	
en:shingles	shingles	shingles	en	0	1549018070939	
en:unprecedented	unprecedented	unprecedented	en	0	1549015594210	
en:unsullied	unsullied	unsullied	en	0	1549017055551	
en:chattels	chattels	chattel	en	0	1549016830621	
en:lest	lest	lest	en	0	1549016851273	
en:ambled	ambled	amble	en	0	1549017286457	
en:dictum	dictum	dictum	en	0	1549016821035	
en:taciturn	taciturn	taciturn	en	0	1549017011080	
en:screen doors	screen doors	screen door	en	0	1549175303210	
en:domiciled	domiciled	domiciled	en	0	1549175330833	
en:pulpits	pulpits	pulpit	en	0	1549175355642	
en:beadle	beadle	beadle	en	0	1549175405377	
en:nebulous	nebulous	nebulous	en	0	1549175841538	
en:predilection	predilection	predilection	en	0	1549176092280	
en:strung	strung	strung	en	0	1549176396503	
en:high-strung	high-strung	high-strung	en	0	1549176401809	
en:cannas	cannas	canna	en	0	1549176486850	
en:ramrod	ramrod	ramrod	en	0	1549176517074	
en:sawhorses	sawhorses	sawhorse	en	0	1549176670128	
en:meditatively	meditatively	meditatively	en	0	1549176720597	
en:condescended	condescended	condescend	en	0	1549177307895	
en:seceded	seceded	secede	en	0	1549177479806	
en:catawba	catawba	catawba	en	0	1549177565026	
en:illicitly	illicitly	illicitly	en	0	1549177759175	
en:I	I	I	en	0	1549177838049	
en:Molasses	Molasses	molasses	en	0	1549178010518	
en:nodding	nodding	nod	en	0	1549178044568	
en:drawled	drawled	drawl	en	0	1549178217959	
en:scrip	scrip	scrip	en	0	1549178291340	
en:entailment	entailment	entailment	en	0	1549178374802	
en:smilax	smilax	smilax	en	0	1549178394815	
en:holly	holly	holly	en	0	1549178407977	
en:sojourn	sojourn	sojourn	en	0	1549178642512	
en:cordially	cordially	cordially	en	0	1549178934048	
en:expounding	expounding	expound	en	0	1549179027980	
en:molasses	molasses	molasses	en	0	1549179041933	
en:iniquities	iniquities	iniquity	en	0	1549179240805	
en:flinty	flinty	flinty	en	0	1549179266624	
en:hulking	hulking	hulking	en	0	1549179329885	
en:cootie	cootie	cootie	en	0	1549179360889	
en:contemptuous	contemptuous	contemptuous	en	0	1549179475690	
en:truant	truant	truant	en	0	1549179522479	
en:fraught	fraught	fraught	en	0	1549179723960	
en:magnesia	magnesia	magnesia	en	0	1549179921947	
en:begrudges	begrudges	begrudge	en	0	1549180104423	
en:disapprobation	disapprobation	disapprobation	en	0	1549180171176	
en:aloft	aloft	aloft	en	0	1549180211553	
en:tin	tin	tin	en	0	1549180437545	
en:tin-foil	tin-foil	tinfoil	en	0	1549180442630	
en:camellia	camellia	camellia	en	0	1549180726561	
en:scuppernongs	scuppernongs	scuppernong	en	0	1549180771031	
en:assorted	assorted	assorted	en	0	1549181335173	
en:aloof	aloof	aloof	en	0	1549183076032	
en:foolhardy	foolhardy	foolhardy	en	0	1549183082512	
en:arbour	arbour	arbour	en	0	1549183181567	
en:pestilence	pestilence	pestilence	en	0	1549183276051	
en:bridgework	bridgework	bridgework	en	0	1549183299497	
en:cordiality	cordiality	cordiality	en	0	1549183310886	
en:hitherto	hitherto	hitherto	en	0	1549183328127	
en:martins	martins	Martin	en	0	1549183368357	
en:communion	communion	communion	en	0	1549184167474	
en:ravelling	ravelling	ravelling	en	0	1549184558658	
en:placidly	placidly	placidly	en	0	1549184624874	
en:scuttled	scuttled	scuttle	en	0	1549184794616	
en:clapper	clapper	clapper	en	0	1549184942596	
en:asinine	asinine	asinine	en	0	1549185012416	
en:edification	edification	edification	en	0	1549185047184	
en:quibbling	quibbling	quibble	en	0	1549185189262	
en:kudzu	kudzu	kudzu	en	0	1549189525790	
en:gallon	gallon	gallon	en	0	1549189569669	
en:collards	collards	collard	en	0	1549189711100	
en:ramshackle	ramshackle	ramshackle	en	0	1549189767155	
en:teetered	teetered	teeter	en	0	1549189916177	
en:pilgrimage	pilgrimage	pilgrimage	en	0	1549190592942	
en:embalming	embalming	embalm	en	0	1549191300361	
en:whittles	whittles	Whittle	en	0	1549191437553	
en:aberrations	aberrations	aberration	en	0	1549191839910	
en:accosted	accosted	accost	en	0	1549192061938	
en:burlap	burlap	burlap	en	0	1549192172877	
en:procured	procured	procure	en	0	1549192280352	
en:plaited	plaited	plait	en	0	1549192289372	
en:jim-dandy	jim-dandy	jim-dandy	en	0	1549192360014	
en:caricatures	caricatures	caricature	en	0	1549192422304	
en:The	The	the	en	0	1549192475852	
en:direst	direst	dire	en	0	1549192497920	
en:taffeta	taffeta	taffeta	en	0	1549192632295	
en:flue	flue	flue	en	0	1549193289115	
en:whooped	whooped	whoop	en	0	1549193423219	
en:Confederate	Confederate	Confederate	en	0	1549207770989	
en:lineaments	lineaments	lineament	en	0	1549208016169	
en:ingenuous	ingenuous	ingenuous	en	0	1549208130377	
en:changelings	changelings	changeling	en	0	1549208198895	
en:porter	porter	porter	en	0	1549208334571	
en:trousseau	trousseau	trousseau	en	0	1549209082484	
en:raiders	raiders	raider	en	0	1549248394564	
en:fanatical	fanatical	fanatical	en	0	1549248503731	
en:breeches	breeches	breeches	en	0	1549248514047	
en:deportment	deportment	deportment	en	0	1549248540318	
en:ambrosia	ambrosia	ambrosia	en	0	1549248730807	
en:tarried	tarried	tarry	en	0	1549249087941	
en:relativity	relativity	relativity	en	0	1549249128722	
en:obstreperous	obstreperous	obstreperous	en	0	1549249183117	
en:invective	invective	invective	en	0	1549249413863	
en:rudiments	rudiments	rudiments	en	0	1549249953130	
en:tartly	tartly	tartly	en	0	1549250062297	
en:mausoleum	mausoleum	mausoleum	en	0	1549250083664	
en:breastworks	breastworks	breastwork	en	0	1549250182989	
en:passé	passé	passé	en	0	1549251867602	
en:shawls	shawls	shawl	en	0	1549259032089	
en:melancholy	melancholy	melancholy	en	0	1549259066749	
en:apoplectic	apoplectic	apoplectic	en	0	1549259133505	
en:sassiest	sassiest	sassy	en	0	1549259165227	
en:livid	livid	livid	en	0	1549259362626	
en:hollered	hollered	holler	en	0	1549259443977	
en:gallantly	gallantly	gallantly	en	0	1549259459717	
en:bedecked	bedecked	bedeck	en	0	1549259540326	
en:sequins	sequins	sequin	en	0	1549259550869	
en:tinsel	tinsel	tinsel	en	0	1549259559869	
en:arthritic	arthritic	arthritic	en	0	1549259648045	
en:camisole	camisole	camisole	en	0	1549259660028	
en:philippic	philippic	philippic	en	0	1549259728163	
en:umbrage	umbrage	umbrage	en	0	1549259744562	
en:rectitude	rectitude	rectitude	en	0	1549259869958	
en:guff	guff	guff	en	0	1549259879495	
en:interdict	interdict	interdict	en	0	1549259909528	
en:skulked	skulked	skulk	en	0	1549259992568	
en:palliation	palliation	palliation	en	0	1549260009329	
en:tassel	tassel	tassel	en	0	1549260096156	
en:queer	queer	queer	en	0	1549260308832	
en:calomel	calomel	calomel	en	0	1549260312889	
en:washstand	washstand	washstand	en	0	1549260804579	
en:cuticles	cuticles	cuticle	en	0	1549260945815	
en:undulate	undulate	undulate	en	0	1549261056910	
en:cantankerous	cantankerous	cantankerous	en	0	1549288567822	
en:licked	licked	lick	en	0	1549288656099	
en:beholden	beholden	beholden	en	0	1549288768891	
en:altercation	altercation	altercation	en	0	1549288848720	
en:frivolous	frivolous	frivolous	en	0	1549289071659	
en:habiliments	habiliments	habiliment	en	0	1549289216212	
en:petticoat	petticoat	petticoat	en	0	1549289239625	
en:steeple	steeple	steeple	en	0	1549289314364	
en:asafoetida	asafoetida	asafoetida	en	0	1549289423020	
en:indignantly	indignantly	indignantly	en	0	1549289539588	
en:haughty	haughty	haughty	en	0	1549289635397	
en:pew	pew	pew	en	0	1549289649317	
en:rotogravure	rotogravure	rotogravure	en	0	1549289709654	
en:impedimenta	impedimenta	impedimenta	en	0	1549289729706	
en:hymn	hymn	hymn	en	0	1549289896044	
en:austere	austere	austere	en	0	1549290005553	
en:sermon	sermon	sermon	en	0	1549290010658	
en:Bootleggers	Bootleggers	bootlegger	en	0	1549290029221	
en:enamelled	enamelled	enamelled	en	0	1549290107969	
en:voile	voile	voile	en	0	1549290302804	
en:Amanuensis	Amanuensis	amanuensis	en	0	1549291020206	
en:prerogative	prerogative	prerogative	en	0	1549291064932	
en:flighty	flighty	flighty	en	0	1549291139522	
en:obliquely	obliquely	obliquely	en	0	1549291205143	
en:grubbiness	grubbiness	grubbiness	en	0	1549291483197	
en:dicta	dicta	dicta	en	0	1549291611253	
en:instil	instil	instil	en	0	1549291738231	
en:stork	stork	stork	en	0	1549291814465	
en:curtness	curtness	curtness	en	0	1549291963824	
en:enema	enema	enema	en	0	1549333433589	
en:carnal	carnal	carnal	en	0	1549333542485	
en:pensive	pensive	pensive	en	0	1549333556148	
en:embroidery	embroidery	embroidery	en	0	1549333587848	
en:rankling	rankling	rankle	en	0	1549333859348	
en:négligé	négligé	négligée	en	0	1549334277547	
en:placid	placid	placid	en	0	1549335654612	
en:begrudge	begrudge	begrudge	en	0	1549335780844	
en:linotype	linotype	Linotype	en	0	1549336263146	
en:bob-white	bob-white	bobwhite	en	0	1549336550746	
en:venerable	venerable	venerable	en	0	1549336768031	
en:battlements	battlements	battlement	en	0	1549336837476	
en:buttresses	buttresses	buttress	en	0	1549336855450	
en:ecclesiastical	ecclesiastical	ecclesiastical	en	0	1549336879243	
en:detractors	detractors	detractor	en	0	1549336951169	
en:privy	privy	privy	en	0	1549336959034	
en:solitary	solitary	solitary	en	0	1549336990688	
en:profane	profane	profane	en	0	1549338020497	
en:fey	fey	fey	en	0	1549338090613	
en:christened	christened	christen	en	0	1549338101323	
en:snuff	snuff	snuff	en	0	1549338620861	
en:akimbo	akimbo	akimbo	en	0	1549338673051	
en:elucidate	elucidate	elucidate	en	0	1549338789103	
en:cubby-holes	cubby-holes	cubbyhole	en	0	1549339426148	
en:solicitor	solicitor	solicitor	en	0	1549339442884	
en:probate	probate	probate	en	0	1549339450380	
en:unobtrusive	unobtrusive	unobtrusive	en	0	1549339556233	
en:veranda	veranda	veranda	en	0	1549339817688	
en:ruddy	ruddy	ruddy	en	0	1549339906176	
en:amiable	amiable	amiable	en	0	1549339914530	
en:Champertous	Champertous	champertous	en	0	1549340165206	
en:connivance	connivance	connivance	en	0	1549340193086	
en:corroborating	corroborating	corroborate	en	0	1549340896043	
en:crepey	crepey	crêpey	en	0	1549340966752	
en:varmints	varmints	varmint	en	0	1549341109843	
en:time	time	time	en	0	1549341127747	
en:gleaning	gleaning	glean	en	0	1549341131503	
en:geranium	geranium	geranium	en	0	1549341247620	
en:gavel	gavel	gavel	en	0	1549342103252	
en:serene	serene	serene	en	0	1549342115206	
en:tenet	tenet	tenet	en	0	1549342718575	
en:pantomime	pantomime	pantomime	en	0	1549342891508	
en:primly	primly	primly	en	0	1549345933458	
en:dandy	dandy	dandy	en	0	1549346114148	
en:browbeating	browbeating	browbeat	en	0	1549346683682	
en:constructionist	constructionist	constructionist	en	0	1549347036974	
en:exodus	exodus	exodus	en	0	1549347158275	
en:ex cathedra	ex cathedra	ex cathedra	en	0	1549348042857	
en:expunge	expunge	expunge	en	0	1549348071360	
en:impudent	impudent	impudent	en	0	1549348296658	
en:temerity	temerity	temerity	en	0	1549349256003	
en:pauper	pauper	pauper	en	0	1549349395481	
en:exhilarated	exhilarated	exhilarate	en	0	1549349634792	
en:feral	feral	feral	en	0	1549350556062	
en:ruefully	ruefully	ruefully	en	0	1549350735216	
en:stolidly	stolidly	stolidly	en	0	1549354079548	
en:connexions	connexions	connexions	en	0	1549354342871	
en:tacky	tacky	tacky	en	0	1549354827727	
en:charlotte	charlotte	charlotte	en	0	1549365802316	
en:dainty	dainty	dainty	en	0	1549365932982	
en:creek	creek	creek	en	0	1549366033161	
en:squalid	squalid	squalid	en	0	1549366167411	
en:britches	britches	britches	en	0	1549367879441	
en:impertinence	impertinence	impertinence	en	0	1549367973979	
en:squalor	squalor	squalor	en	0	1549368496964	
en:stately	stately	stately	en	0	1549368612495	
en:largo	largo	largo	en	0	1549368639501	
en:bellows	bellows	bellows	en	0	1549368708484	
en:sibilant	sibilant	sibilant	en	0	1549369005938	
en:bovine	bovine	bovine	en	0	1549369095808	
en:curdling	curdling	curdle	en	0	1549369301204	
en:Missionary	Missionary	missionary	en	0	1549369717563	
en:whalebone	whalebone	whalebone	en	0	1549376998203	
en:martyred	martyred	martyred	en	0	1549377244818	
en:roly-poly	roly-poly	roly-poly	en	0	1549377516680	
en:veneer	veneer	veneer	en	0	1549378731113	
en:spurious	spurious	spurious	en	0	1549381313843	
en:Persecuting	Persecuting	persecute	en	0	1549381438368	
en:annals	annals	annals	en	0	1549381873398	
en:florid	florid	florid	en	0	1549382007260	
en:cellar	cellar	cellar	en	0	1549382544632	
en:gallant	gallant	gallant	en	0	1549423261942	
en:kee	kee	keen	en	0	1549423396283	
en:nickels	nickels	nickel	en	0	1549423844628	
en:ghoul	ghoul	ghoul	en	0	1549423887861	
en:taffy	taffy	taffy	en	0	1549423979719	
en:slender	slender	slender	en	0	1549424388192	
en:lichen	lichen	lichen	en	0	1549424462441	
en:rout	rout	rout	en	0	1549424493617	
en:pinioned	pinioned	pinion	en	0	1549425114046	
en:staccato	staccato	staccato	en	0	1549425207777	
en:bleakly	bleakly	bleakly	en	0	1549426253235	
en:scat	scat	scat	en	0	1549426935489	
en:clumped	clumped	clump	en	0	1549427550913	
en:raling	raling	rale	en	0	1549427853272	
en:calamitous	calamitous	calamitous	en	0	1549495843401	
en:caucus	caucus	caucus	en	0	1549496268418	
en:suffragettes	suffragettes	suffragette	en	0	1549496322858	
en:haemorrhage	haemorrhage	haemorrhage	en	0	1549496799237	
en:dovish	dovish	dovish	en	0	1549583740165	
en:amenable	amenable	amenable	en	0	1549584060723	
en:remuneration	remuneration	remuneration	en	0	1550848349437	
en:heiress	heiress	heiress	en	0	1550848520935	
en:horticulture	horticulture	horticulture	en	0	1550848818922	
en:ruse	ruse	ruse	en	0	1550848950178	
en:restitution	restitution	restitution	en	0	1550849010693	
en:ex parte	ex parte	ex parte	en	0	1551050382166	
en:bootleg	bootleg	bootleg	en	0	1551050750707	
en:chaperone	chaperone	chaperone	en	0	1551139297357	
en:diphtheria	diphtheria	diphtheria	en	0	1551139529249	
en:caliphate	caliphate	caliphate	en	0	1551139645928	
en:incarcerated	incarcerated	incarcerate	en	0	1551139695917	
en:epithelial	epithelial	epithelial	en	0	1551139801878	
en:scathing	scathing	scathing	en	0	1551223452033	
en:abstentions	abstentions	abstention	en	0	1551310240688	
en:tot	tot	tot	en	0	1551310632543	
en:scurrilous	scurrilous	scurrilous	en	0	1551311105186	
en:intractable	intractable	intractable	en	0	1551397180358	
en:snag	snag	snag	en	0	1551397475241	
en:contrite	contrite	contrite	en	0	1551397868902	
en:anti-Semitism	anti-Semitism	anti-Semitism	en	0	1551657010401	
en:rouses	rouses	rouse	en	0	1551657325630	
en:socialist	socialist	socialist	en	0	1551657340400	
en:socialism	socialism	socialism	en	0	1551657364072	
en:dogfight	dogfight	dogfight	en	0	1551745406999	
en:laments	laments	lament	en	0	1551745751161	
en:juxtapose	juxtapose	juxtapose	en	0	1551961588625	
en:flagging	flagging	flag	en	0	1551962282075	
en:coffers	coffers	coffers	en	0	1551962857612	
en:bespoke	bespoke	bespoke	en	0	1551962958480	
en:scanty	scanty	scanty	en	0	1552045309570	
en:littoral	littoral	littoral	en	0	1552309846934	
en:dalliance	dalliance	dalliance	en	0	1552309926715	
en:consort	consort	consort	en	0	1552309943605	
en:mooted	mooted	moot	en	0	1552310535067	
en:septuagenarian	septuagenarian	septuagenarian	en	0	1552310669801	
en:mired	mired	mire	en	0	1552519950592	
en:unconscionable	unconscionable	unconscionable	en	0	1552520224930	
en:unfurled	unfurled	unfurl	en	0	1552520302058	
en:libel	libel	libel	en	0	1552520922570	
en:apnoea	apnoea	apnoea	en	0	1552607734835	
en:gob-smacked	gob-smacked	gobsmacked	en	0	1552902855830	
en:Serb	Serb	Serb	en	0	1552903325057	
en:meme	meme	meme	en	0	1552903399282	
en:escapade	escapade	escapade	en	0	1552903433958	
en:beaked	beaked	beaked	en	0	1552951136352	
en:supremacist	supremacist	supremacist	en	0	1552951594603	
en:Avowed	Avowed	avowed	en	0	1552951602094	
en:tarmac	tarmac	tarmac	en	0	1552951952016	
en:divest	divest	divest	en	0	1553075680126	
en:burnish	burnish	burnish	en	0	1553127650785	
en:Metropolitan	Metropolitan	metropolitan	en	0	1553128191571	
en:freehold	freehold	freehold	en	0	1553128823278	
en:gala	gala	gala	en	0	1553238310749	
